polid,politician,firstvote,dateofdeath,w_deflated,dod_father,source_father,pod_father,dod_mother,source_mother,pod_mother,wealth_father,wealth_mother,wealth_misc,misc1,misc2
00001,Aalberse,1911-03-10,1948-07-05,"9707,8997",1898-05-09,https://www.openarch.nl/elo:0984ba33-c76e-1d60-fe05-298f622f9de2,Leiden,1912-07-30,https://www.openarch.nl/elo:b426756a-9121-8593-166e-f01bbd94ea75,Leiden,8036.35,,,,
00011,Albarda,1914-06-03,1957-04-19,NA,,,,,,,,,,,
00019,van Alphen,1893-06-23,1911-07-15,"167490,5189",1871,https://www.genealogieonline.nl/familie-schulte-einhaus/I3484.php,Hengelo,1875-03-26,https://www.genealogieonline.nl/stamboom-driessen/I73107959.php,,,,,,
00022,des Amorie van der Hoeven,1878-05-24,1897-10-13,"44575,4162",1855-06-29,http://www.biografischportaal.nl/persoon/96472507,Arnhem,1835,https://www.geni.com/people/Agatha-Stuart/6000000000296707051,Overveen,,,,https://www.geni.com/people/Jacoba-Dorothea-Jungbl%C3%BCth-Burer/6000000023487157019,Stephmother
00029,Ankerman,1911-03-10,1928-01-20,"-3145,6460",1930-08-28,https://www.genealogieonline.nl/stamboom_kok/I15717.php,Nijehaske,1871-02-05,https://www.genealogieonline.nl/stamboom-weening/I18210.php,Groningen,,,,,
00031,Arnoldts,1878-05-24,1881-12-19,"28952,2245",1868-11-21,https://www.genealogieonline.nl/genealogie-bakker/I0790.php,Sittard,1862-09-17,https://www.genealogieonline.nl/genealogie-bakker/I0791.php,Sittard,,,,,
00034,Arts,1914-06-03,1926-03-31,"109770,6612",1864-06-27,https://www.genealogieonline.nl/stamboom-remmerswaal/R199.php,Arnhem,1901-12-10,https://gw.geneanet.org/mjpgeanet?lang=nl&pz=marco+nicolaas&nz=scholten&ocz=1&p=bernar%C2%ADdina&n=coman,Breda,,5273.02,,,
00041,van Asch van Wijck,1878-05-24,1882-09-20,"118021,4319",1843-07-16,https://nl.wikipedia.org/wiki/Hubert_Matthijs_Adriaan_Jan_van_Asch_van_Wijck,Woudenberg,1827,https://nl.wikipedia.org/wiki/Hubert_Matthijs_Adriaan_Jan_van_Asch_van_Wijck,,,,,,
00049,van Baar,1878-05-24,1889-01-26,"183627,3825",1858-02-28,https://gw.geneanet.org/assel209?lang=en&n=van+baar&oc=0&p=guilielmus+arnoldus,Oirschot,1871-03-27,https://gw.geneanet.org/assel209?lang=en&pz=joannes&nz=asselberghs&p=catharina+theresia+agatha&n=van+cuijck,Oirschot,,,,,
00057,Bahlmann,1893-06-23,1898-05-13,NA,,,,,,,,,,,
00066,Bastert,1878-05-24,1902-10-19,"203938,7875",1840-01-07,https://www.genealogieonline.nl/stamboom-smits-van-oyen/I3617.php,Maarsseveen,1854-09-23,https://www.genealogieonline.nl/stamboom-smits-van-oyen/I3618.php,Maarsseveen,,,,,
00071,de Beaufort,1878-05-24,1918-04-02,NA,,,,,,,,,,,
00072,Beckers,1914-06-03,1923-01-08,NA,,,,,,,,,,,
00076,Beelaerts van Blokland,1893-06-23,1897-03-14,"331636,5321",1886-05-08,https://geneagraphie.com/getperson.php?personID=I410325&tree=1,Den Haag,1901-04-04,https://geneagraphie.com/getperson.php?personID=I410325&tree=1,Den Haag,92079.28,,,,
00082,Begram,1878-05-24,1890-05-06,"1205223,0488",1866-07-24,https://nl.wikipedia.org/wiki/Philippus_Lodewijk_Begram,Gorinchem,1861,https://www.genealogieonline.nl/werckhoven-en-gerelateerde-stambomen/I2726.php,,,,,,
00087,van den Berch van Heemstede,1893-06-23,1917-10-24,"409487,5047",1879-07-02,https://nl.wikipedia.org/wiki/Isa%C3%A4c_Lambertus_Cremer_van_den_Berch_van_Heemstede,Den Haag,1902-12-02,https://www.genealogieonline.nl/stamboom-smits-van-oyen/I6805.php,Den Haag,2145671.50,,,,
00088,van den Berch van Heemstede,1878-05-24,1879-07-02,"1834564,9532",1816,https://www.genealogieonline.nl/stamboom-smits-van-oyen/I6804.php,,1836-04-06,https://www.genealogieonline.nl/stamboom-smits-van-oyen/I7109.php,Leiden,,,,,
00089,van Berckel,1893-06-23,1915-11-10,"34066,6736",1885-01-16,https://www.geni.com/people/Cornelis-van-Berckel/6000000002175325143,Delft,1887-01-09,https://www.geni.com/people/Josepha-van-Wayenburg/6000000002175325151,Amsterdam,-22697.91,,,,
00090,van Beresteyn,1916-07-18,1948-09-15,NA,,,,,,,,,,,
00102,Bergsma,1878-05-24,1901-03-15,NA,,,,,,,,,,,
00104,van Best,1911-03-10,1958-04-21,NA,,,,,,,,,,,
00106,Beumer,1914-06-03,1946-10-05,NA,,,,,,,,,,,
00107,van Beuningen,1893-06-23,1908-02-07,"1909502,9492",1889-10-13,https://www.genealogieonline.nl/genealogie-koek/I16601.php,Utrecht,,,,,,,,
00108,Bevers,1893-06-23,1909-01-05,"-4448,8343",1895-02-27,https://gw.geneanet.org/bevertje?lang=nl&pz=stijn+petrus+franciscus+marie&nz=teeuwen&p=adrianus&n=bevers,Den Haag,,,,44277.87,,,,
00111,Bichon van IJsselmonde,1914-06-03,1923-11-19,NA,,,,,,,,,,,
00112,Bichon van IJsselmonde,1878-05-24,1889-05-22,"469724,6911",1845-08-03,https://nl.wikipedia.org/wiki/Marinus_Cornelis_Bichon_van_IJsselmonde,,,,,,,,,
00113,de Bieberstein,1878-05-24,1880-10-31,"628554,8268",1847-10-19,https://nl.wikipedia.org/wiki/De_Bieberstein_Rogalla_Zawadsky,Luik,1798,Wikipedia,,,,,Vrouw: Henriette Bosch van Drakestein,"overleed 1878, in Amsterdam"
00138,Bluss√©,1878-05-24,1887-05-19,"269896,7668",1846,https://www.genealogieonline.nl/genealogie-blusse-uit-dordrecht/I11718.php,,1839,https://www.genealogieonline.nl/genealogie-blusse-uit-dordrecht/I11717.php,Dordrecht,,,,,
00150,Bogaardt,1914-06-03,1918-11-14,"2148,2417",1906-03-21,https://www.genealogieonline.nl/stamboom-roskam-van-rouveroy-van-nieuwaal/I98.php,Mr. Cornelis (Memories hopelijk Den Haag),1915-06-15,https://www.genealogieonline.nl/stamboom-roskam-van-rouveroy-van-nieuwaal/I99.php,Weltevreden (memorie hopelijk Den Haag),,,,,
00152,Boissevain,1914-06-03,1944-04-19,NA,,,,,,,,,,,
00157,Bongaerts,1914-06-03,1959-05-10,NA,,,,,,,,,,,
00160,Bool,1893-06-23,1898-01-22,"12762,8892",,,,,,,,,,,
00163,van der Borch van Verwolde,1893-06-23,1919-05-11,"208429,4497",1849-06-18,https://www.genealogieonline.nl/genealogie-weissman-van-spall/I511702.php,Den Haag,1884-05-24,https://www.genealogieonline.nl/genealogie-weissman-van-spall/I511703.php,Breda (Ginniken en Bavel),,194210.11,,,
00168,Borret,1878-05-24,1900-03-29,"66690,1600",1858-09-07,https://www.genealogieonline.nl/stamboom-willems-hoogeloon-best/I230724.php,Delft,1865-06-28,https://www.genealogieonline.nl/stamboom-willems-hoogeloon-best/I230725.php,Utrecht,,,,,
00175,Bos,1914-06-03,1916-05-06,"30859,8646","na 1888, voor 1916",,Groningen,1917-01-06,https://www.genealogieonline.nl/stamboom-reijntjes/I11492.php,Groningen,,,,,
00198,Brantsen van de Zijp,1893-06-23,1899-11-08,"820004,5988",1851-09-19,https://nl.wikipedia.org/wiki/Derk_Willem_Gerard_Johan_Hendrik_Brantsen_van_de_Zijp,Arnhem,1882-07-23,https://www.genealogieonline.nl/west-europese-adel/I166617.php,Arnhem,,1257658.3,,,
00202,Bredius jr.,1878-05-24,1878-09-13,"12312,9544",,,,,,,,,,,
00202,Bredius,1878-05-24,1878-09-13,"12312,9544",,,,,,,,,,,
00217,Brouwers,1878-05-24,1892-10-26,"119766,4246",1893-08-26,https://gw.geneanet.org/janneelen?lang=en&pz=jan+hubert+henri+louis&nz=neelen&ocz=1&p=franciscus+alphonsus+hubertus&n=brouwers&oc=1,Gronsveld,1847-01-02,https://gw.geneanet.org/janneelen?lang=en&pz=jan+hubert+henri+louis&nz=neelen&ocz=1&p=maria+helena&n=willems&oc=2,Eijsden,,,,,
00228,Brummelkamp,1914-06-03,1919-01-15,"31846,2354",1888-06-02,https://nl.wikipedia.org/wiki/Anthony_Brummelkamp_sr.,Kampen,1873,https://www.geni.com/people/Maria-Wilhelmina-de-Moen/6000000022832200925,Kampen?,23507.11,,,,
00232,de Bruyn Kops,1878-05-24,1887-10-01,"28698,1046",1858-04-17,https://www.genealogieonline.nl/stamboom-dullemen/I221300.php,Haarlem,1879-01-01,https://www.genealogieonline.nl/stamboom-dullemen/I221301.php,Den Haag,,74538.58,,,
00245,van Bylandt,1893-06-23,1924-07-04,NA,,,,,,,,,,,
00255,de Casembroot,1878-05-24,1895-04-14,"1836,9326",1832-08-06,https://www.geni.com/people/Leonard-de-Casembroot-jhr/6000000016743755582,Breda,1835-09-10,https://www.geni.com/people/Adriana-Johanna-van-Neukirchen/6000000037029827247,Zeist,,,,Had heel veel broers en zussen,
00264,Conrad,1893-06-23,1902-08-12,"51023,9919",1853-04-04,https://nl.wikipedia.org/wiki/Jan_Willem_Conrad,Zwolle,1883-05-13,https://www.geni.com/people/Juliana-Louisa-Lenssen/6000000017051917800,Amsterdam,,33928,,,
00273,Corver Hooft,1878-05-24,1889-03-16,"767431,2080",1855-07-25,https://nl.wikipedia.org/wiki/Jan_Corver_Hooft,s-Graveland,1837-12-03,https://www.genealogieonline.nl/stamboom-tolsma/I39447.php,,,,,,
00279,Cremer,1893-06-23,1923-08-14,NA,1869-06-20,https://www.geni.com/people/Jacob-Theodoor-Cremer/6000000016289378610,Arnhem,1874-12-10,https://www.geni.com/people/Louise-Water/6000000016289416424,Arnhem,,,,,
00280,Cremers,1878-05-24,1896-10-27,NA,1845-07-30,https://nl.wikipedia.org/wiki/Franciscus_Jacobus_Joannes_Cremers,Zwolle,1842-04-12,https://www.openarch.nl/gra:5ee990f1-7411-cf39-8b33-319846932de3,Groningen,,,,,
00293,A. van Dedem,1893-06-23,1931-03-01,NA,,,,,,,,,,,
00294,G. van Dedem,1893-06-23,1911-03-18,"79085,0752",1866-05-28,https://www.geni.com/people/Godert-Willem-van-Dedem-van-den-Berg-baron/6000000016794079360,Dalfsen,1843-02-02,https://www.geni.com/people/Grietjen-Boxem/6000000016794130165,Dalfsen,,,,,
00299,van Delden,1878-05-24,1898-11-08,"107548,2487",1858-08-07,https://www.geni.com/people/Steven-van-Delden/6000000017955695351,Winterswijk?,1871,https://www.geni.com/people/Engelina-Elisabeth-Schutte/6000000017955695357,,,,,,
00303,van Deventer,1914-06-03,1915-09-27,"569962,4480",1892-05-14,http://www.biografischportaal.nl/persoon/99433997,Dordrecht,1910-12-25,https://www.openarch.nl/hga:E8D6E7AD-C584-44F2-84F1-C63267B0B2E9,Den Haag,1983.76,10476.57,,,
00318,Dobbelmann,1893-06-23,1912-12-18,"1143527,6178",1880-02-29,https://gw.geneanet.org/assel209?lang=en&pz=joannes&nz=asselberghs&p=johann+peter&n=dobbelmann,Nijmegen,1886-11-27,https://www.geni.com/people/Maria-Elisabeth-Allegonda-Soiron/6000000028892163968,Nijmegen,238498.45,,,,
00325,Dolk,1911-03-10,1932-02-26,"82963,9248",1885-06-25,https://www.geni.com/people/Jakob-Dolk/6000000023794685073,Etten-Leur?,1881-08-01,https://www.geni.com/people/Wilhelmina-van-der-Burgt/6000000023794419298,Etten-Leur?,253233.67,,,,
00334,Donner,1893-06-23,1903-08-31,"29700,8111",1839-08-14,https://www.geni.com/people/Johannes-Donner/6000000026587193211,Arnhem,1863-08-19,https://www.geni.com/people/Aleijda-Koopman/6000000026587281268,Arnhem,,,1208.71,Broers en zussen:,"https://www.geni.com/people/Johannes-Donner/6000000026586702625, https://www.geni.com/people/Gotfried-Donner/6000000026587232395, https://www.geni.com/people/Emilia-Donner/6000000026586706527"
00337,van Doorn,1914-12-11,1921-04-05,"212376,5373",1882-08-02,https://nl.wikipedia.org/wiki/Elisa_Cornelis_Unico_van_Doorn,Maarn,1895-08-10,https://www.geni.com/people/Rudolphine-Weerts/6000000017477968730,"Velp, Rheden (memorie maybe Utrecht?) ",,"174561,72",,verzoek tot digitalisering ingediend by BHIC,
00344,Drion,1914-12-11,1948-12-13,"-204,5455",1886-11-06,https://www.genealogieonline.nl/stamboom_drion/I9.php,Den Haag,1937-09-08,https://www.genealogieonline.nl/stamboom_drion/I13.php,Putten,0,,,"Wel Tafel V-bis, niet memorie",
00348,Drucker,1911-03-10,1917-09-05,"2193823,8843",1884-04-08,http://www.jodeninnederland.nl/id/P-3871,Voorschoten,,https://www.openarch.nl/search.php?name=Johanna+Carolina+Christina+Margaretha+Therese+Temme,,9929219.06,,,,
00349,Dullert,1878-05-24,1881-02-24,"1574421,5402",1871-02-14,https://www.openarch.nl/gld:AFA29EB7-24DB-4F9F-8689-F0B541228ABE,Arnhem,1865-1028,https://www.openarch.nl/search.php?name=Jenneke+Lucia+van+Riemsdijk,Arnhem,,,,,
00354,Duymaer van Twist,1911-03-10,1961-08-07,NA,,,,,,,,,,,
00356,Duys,1911-03-10,1918-12-06,NA,,,,,,,,,,,
00356,Duynstee,1911-03-10,1918-12-06,"-3988,1900",1919-04-02,https://www.genealogieonline.nl/stamboom-smits-van-oyen/I7036.php,Den Haag,1875-01-15,https://www.genealogieonline.nl/stamboom-smits-van-oyen/I7037.php,Den Haag,,,,vader waarschijnlijk in offline-kantoren,
00357,Duijs,1916-07-18,1941-09-16,NA,,,,,,,,,,,
00360,Dijckmeester,1878-05-24,1891-11-09,"84325,4771",1873-04-21,https://www.geni.com/people/Herman-Dijckmeester/6000000016203897521,Tiel?,1838-06-19,https://www.openarch.nl/search.php?name=Jacoba+Hermanna+Verschoor,Lent,,,,,
00368,van Eck,1878-05-24,1895-03-13,"291161,5598",1825-09-03,https://www.geni.com/people/Pieter-van-Eck/6000000017803950153,Middelberg,1860-10-11,https://www.geni.com/people/Theodora-Alida-Buijze/6000000017802503388,Axel,,,,,
00369,Eerdmans,1914-06-03,1948-04-29,NA,,,,,,,,,,,
00374,Eland,1911-03-10,1927-08-08,"9815,6109",1892-08-24,https://www.geni.com/people/Johannes-Cornelis-Eland/6000000036788038320,Bemmel,1875-12-24,https://www.geni.com/people/Martina-Margaretha-van-der-Zanden/6000000036788038314,Bemmel,61128.48,,,,
00376,Elhorst,1911-03-10,1935-04-22,"38359,8272",1881-10-19,https://www.genealogieonline.nl/en/genealogie-koek/I51768.php,Enschede,,https://www.genealogieonline.nl/en/genealogie-koek/I51769.php,,34586.5,,,,
00397,Farncombe Sanders,1893-06-23,1896-09-07,"14176,6313",1888-08-08,https://www.genealogieonline.nl/stamboom-driessen/I7392203.php,Breda,1871-11-23,https://www.genealogieonline.nl/stamboom-driessen/I7392205.php,Ginneken,11761.92,,,,
00400,van der Feltz,1878-05-24,1910-12-02,"718305,9942",1870-08-07,https://nl.wikipedia.org/wiki/Gustaaf_Willem_van_der_Feltz_(1793-1870),Epe,1862,https://nl.wikipedia.org/wiki/Gustaaf_Willem_van_der_Feltz_(1793-1870),,,,160761.62,Heeft een broer die in 1904 is doodgegaan,https://www.genealogieonline.nl/en/stamboom-baris/I28095.php
00404,Ferf,1893-06-23,1916-04-29,NA,,,,,,,,,,,
00408,Fleskens,1911-03-10,1965-02-01,NA,,,,,,,,,,,
00410,Fock,1914-06-03,1941-10-17,"287363,8177",1910-05-09,https://www.geni.com/people/Cornelis-Fock/6000000013030256893,Den Haag,1909,https://www.genealogieonline.nl/stamboom-stoffels/I4148.php,Den Haag,-9865.05,3000,,,
00417,van Foresst,1911-03-10,1922-09-19,NA,,,,,,,,,,,
00421,Fransen van de Putte,1878-05-24,1902-03-03,NA,,,,,,,,,,,
00430,Fruytier,1916-07-18,1929-06-20,NA,,,,,,,,,,,
00432,de Geer,1911-03-10,1960-11-27,NA,,,,,,,,,,,
00438,de Geer ,,,,,,,,,,,,,,
"Jutfaas""",1893-06-23,1902-08-07,NA,,,,,,,,,,,,
00447,Gerhard,1914-06-03,1948-07-03,NA,,,,,,,,,,,
00448,Gerretson,1914-06-03,1930-10-29,"-12928,8946",1900-06-28,https://www.genealogieonline.nl/genealogie-onvlee/I6171.php,Rotterdam,1878,https://www.genealogieonline.nl/genealogie-onvlee/I1076.php,,2367,,,,
00450,Gerritsen,1893-06-23,1905-07-05,NA,,,,,,,,,,,
00455,Gevers Deynoot,1878-05-24,1879-03-25,"373830,2482",1845,https://www.geni.com/people/Abraham-Gevers-Deynoot/6000000023152339828,Loosduinen (Den Haag),1844-09-25,https://www.geni.com/people/Margareta-Catharina-Wijckerheld-Bisdom/6000000021047588664,Loosduinen,,,,,
00462,Gleichman,1893-06-23,1906-04-30,"676710,4885",1865-03-13,https://www.genealogieonline.nl/en/west-europese-adel/I19144.php,Rotterdam,1887-04-02,https://www.genealogieonline.nl/en/west-europese-adel/I19145.php,Rotterdam,,1025136.75,,,
00464,Godefroi,1878-05-24,1882-06-25,NA,,,,,,,,,,,
00468,Goekoop,1893-06-23,1911-10-07,"131415,4365",1885-08-19,https://www.geni.com/people/Cornelis-Goekoop/6000000030455025253,Den Haag,1861-04-17,https://www.geni.com/people/Maria-Florina-Goekoop/6000000030454919535,Goedereede,71015.22,,,,
00469,Goeman Borgesius,1878-05-24,1917-01-18,"172675,9193",1864-04-06,https://www.geni.com/people/Jacobus-Borgesius/6000000014243925865,Schildwolde,1862-03-28,https://www.geni.com/people/Grietje-Elizabeth-Dijkhuizen/6000000014243925870,Schildwode,,,,,
00498,Guyot,1893-06-23,1912-05-06,"158794,2203",1861-02-17,https://www.genealogieonline.nl/stamboom-van-iddekinge/I55.php,Den Haag,1869-08-29,https://www.genealogieonline.nl/stamboom-van-iddekinge/I1330.php,Den Haag,,,,,
00500,van Gijn,1893-06-23,1937-09-24,"1258608,5701",1870-07-24,https://www.geni.com/people/Hugo-van-Gijn/6000000015063437775,Dordrecht,1907-04-13,https://www.geni.com/people/Fran%C3%A7oise-Cornelia-Stoop/6000000015063601119,Dordrecht,,199414.57,,,
00508,Haffmans,1878-05-24,1896-09-16,"1332,7693",1851-04-26,https://www.geni.com/people/Joannes-Alexander-Leopold-Haffmans/6000000018675993635,Ooijen,1876-02-12,https://www.geni.com/people/Dorothea-Lambertina-Verblackt/6000000018675993642,Horst,,,,,
00517,van Hamel,1911-03-10,1917-03-01,"47846,8984",1885-09-05,https://www.geni.com/people/Joost-Adriaan-van-Hamel/6000000032299170139,Den Haag,1887-07-14,https://www.geni.com/people/Gesina-Cecilia-Gerarda-van-Hamel/6000000019852195846,Velp,12147.62,,,,
00520,van Harinxma thoe Slooten,1878-05-24,1923-11-02,NA,,,,,,,,,,,
00525,Hartogh,1893-06-23,1901-02-13,"302883,8168",1871-08-21,https://www.geni.com/people/Hendrik-Hartogh/6000000015258442056,Muiderberg,1908-09-18,https://www.geni.com/people/Fanny-Enthoven/6000000026587887908,Zeist,,,,,
00522,Harte,,,,1869-08-05,https://www.genealogieonline.nl/stamboom-van-gorcum/I1126.php,Utrecht,1890-09-15,https://www.genealogieonline.nl/stamboom-van-gorcum/I1119.php,Hilversum,,,,,
00540,Heemskerk,1893-06-23,1932-06-12,NA,,,,,,,,,,,
00544,Heeres,1914-06-03,1932-02-16,"475357,8338",1892-08-11,https://www.geni.com/people/Gerrit-Heeres/6000000028183973127,Groningen,1892-08-11,https://www.geni.com/people/Gerrit-Heeres/6000000028183973127,Groningen,,,,,
00553,Heldt,1893-06-23,1914-01-13,"903,9052",,,,,,,,,,,
00557,Helsdingen,1911-03-10,1921-08-20,NA,,,,,,,,,,,
00562,Hennequin,1893-06-23,1912-02-02,NA,,,,,,,,,,,
00569,van Heukelom,1878-05-24,1880-07-11,"454624,6157",1823,https://nl.wikipedia.org/wiki/Cornelis_van_Heukelom,,1859,https://nl.wikipedia.org/wiki/Cornelis_van_Heukelom,,,,,,
00578,Heydenrijck,1878-05-24,1911-09-06,NA,,,,,,,,,,,
00583,Hingst,1878-05-24,1906-10-18,"1178598,6682",1834-04-05,https://www.geni.com/people/Simon-Hingst/6000000025739092246,,1841,https://www.genealogieonline.nl/en/stamboom-griffioen-koster/I528208.php,,,,,"https://www.all-the-hingst.com/allthehingst/index.php?route=individual&xref=X239&ged=hingst, https://www.genealogieonline.nl/stamboom-driessen/I73350938.php","Heeft een zus, Jacoba Huidekoper, doodgegaan in 1879: https://www.genealogieonline.nl/stamboom-jellema/I209204.php"
00584,Hintzen,1893-06-23,1932-11-18,"3938359,6845",1853,https://www.genealogieonline.nl/stamboom-driessen/I73199618.php,Amsterdam,1890-03-03,https://www.genealogieonline.nl/stamboom-driessen/I73199620.php,Amsterdam,,920120.63,,,
00594,Holtzman,1878-05-24,1916-04-01,NA,,,,,,,,,,,
00601,van Hoogstrate,1911-03-10,1936-06-30,"60367,2179",1875,https://nl.wikipedia.org/wiki/Jan_Samuel_Fran%C3%A7ois_van_Hoogstraten,,1899-10-13,https://www.genealogieonline.nl/west-europese-adel/I250609.php,Den Haag,,139072.35,,,
00607,van Houten,1878-05-24,1930-10-14,"325285,5308",1864-06-16,https://www.geni.com/people/Derk-Hindriks-van-Houten/6000000014815348209,Groningen,1856-07-11,https://www.geni.com/people/Barbara-Elisabeth-Meihuizen/6000000014814843942,Groningen,,,,https://www.geni.com/people/Sientje-van-Houten/6000000014815361536,
00609,Houwing,1893-06-23,1907-02-04,"44275,4159",1882-03-02,https://www.genealogieonline.nl/stamboom-houwing-oostenbrug/I1106.php,Terwispel,1888-08-28,https://www.genealogieonline.nl/stamboom-houwing-oostenbrug/I1129.php,Terwispel,,,,,
00613,Hubrecht,1911-03-10,1926-08-01,"2221309,1495",1880-04-14,https://www.genealogieonline.nl/stamboom-den-elzen/I61639.php,Leiden,1847,https://www.genealogieonline.nl/stamboom-den-elzen/I61639.php,Vogelenzang,83735.58,,,https://www.genealogieonline.nl/stamboom-den-elzen/I61643.php,
00615,Hugenholtz,1914-06-03,1924-05-13,NA,,,,,,,,,,,
00624,van Idsinga,1911-03-10,1921-02-22,"43601,0346",1896-11-16,https://www.genealogieonline.nl/stamboom-de-leede/I46149.php,Den Haag,1866,https://www.genealogieonline.nl/stamboom-de-leede/I46150.php,Den Haag?,169512.84,,,,
00625,Idzerda,1878-05-24,1881-12-06,NA,1855-04-12,https://www.openarch.nl/frl:3280f222-6886-361a-831e-373b815b5de1,Sloten,1822-09-19,https://www.geni.com/people/Jeltje-Dijkstra/6000000036668059956,Wergea,,,,,
00628,Insinger,1878-05-24,1911-02-20,NA,,,,,,,,,,,
00634,Jannink,1911-03-10,1942-04-05,"77871,0979",1867-03-24,https://www.geni.com/people/Benjamin-Jannink/6000000029938147229,Enschede,1881-12-09,https://www.geni.com/people/Jeannette-Antonia-Reerink/6000000008952144495,Lochem,,127368.77,,,
00635,Jansen,1911-03-10,1925-03-24,"136719,6859",1882-03-29,https://www.geni.com/people/Johannes-Coenraad-Jansen/6000000031250995037,Den Haag,1860-02-07,https://www.openarch.nl/rzh:c478a813-5a08-4c87-87c8-4096e63d03b5/en,Den Haag,3491.84,,,https://www.openarch.nl/search.php?top&name=Joannes+Cornelius+Adrianus+Jansen&number_show=10&sort=4&start=20,
00638,Janssen,1914-06-03,1952-08-25,NA,1887-11-06,google for: Frans Isidoor Janssen,Bingelrade,,,,,,,,
00650,de Jong,1878-05-24,1886-12-14,"80597,0709",1835-12-26,https://www.genealogieonline.nl/stamboom-kooiman-bruijn-mantel/I8489.php,Hoogkarspel,1852-05-19,https://www.genealogieonline.nl/stamboom-kooiman-bruijn-mantel/I8490.php,Hoogkarspel,,,,,
00655,de Jong,1914-06-03,1918-12-14,"2853,1385",1907,https://www.genealogieonline.nl/en/het-eiland-schiermonnikoog/I7316.php,Middelharnis,1907-05-08,https://www.geni.com/people/Luisa-Elisabeth-Lauer/6000000037421881723,Middelharnis,,,,,
00656,de Jonge,1878-05-24,1887-07-12,NA,,,,,,,,,,,
00662,de Jongh,1911-03-10,1917-01-31,"70527,2483",1847,https://nl.wikipedia.org/wiki/Gerrit_de_Jongh,,1871,https://nl.wikipedia.org/wiki/Gerrit_de_Jongh,,,,,,
00665,Juten,1914-06-03,1929-04-11,"45692,4776",1897-12-26,https://gw.geneanet.org/assel209?lang=en&pz=joannes&nz=asselberghs&p=franciscus+gomarus&n=juten,Bergen op Zoom,1909-05-03,https://gw.geneanet.org/assel209?lang=en&pz=joannes&nz=asselberghs&p=elisabeth+johanna&n=vergroesen,Bergen op Zoom,14697.36,,,,
00666,van der Kaay,1878-05-24,1918-07-29,"4204,7741",1868-04-19,https://www.openarch.nl/nha:a5d6c02c-f1fc-4549-a3d1-6f8ae6cc7874,Alkmaar,1847-08-03,https://www.openarch.nl/search.php?name=Jannetje+Dorreman&number_show=10&sort=4,Alkmaar,,,,,
00671,de Kanter,1893-06-23,1906-07-14,"18801,0429",1868-06-05,https://gw.geneanet.org/kantnic?lang=en&p=hubert+philippus&n=de+kanter,Brielle,1876-02-17,https://gw.geneanet.org/kantnic?lang=en&p=johanna+alida&n=van+andel,Brielle,,,,,
00672,de Kanter,1911-03-10,1953-05-16,NA,,,,,,,,,,,
00676,van Karnebeek,1893-06-23,1925-10-09,"455776,6191",1874-09-25,https://www.genealogieonline.nl/stamboom-de-leede/I63956.php,Den Haag,1888-07-10,https://www.genealogieonline.nl/genealogie-richard-remme/I324970.php,Den Haag,,701699.13,,,
00682,Kerdijk,1893-06-23,1905-03-14,NA,,,,,,,,,,,
00684,van Kerkwijk,1878-05-24,1901-05-21,"322864,8269",1853-12-05,https://nl.wikipedia.org/wiki/Abraham_Willem_van_Kerkwijk,Ouddorp,1882-02-25,https://www.genealogieonline.nl/genealogie-de-vos-verschuur/I101092.php,Ouddorp,,53898.67,,,
00689,Ketelaar,1911-03-10,1936-06-27,"-510,6196",,,,1884-03-16,https://www.delpher.nl/nl/tijdschriften/view?identifier=MMKB26:000043052:00008&query=Johann+Gottlieb+Ketelaar&coll=dts,Amsterdam,,0,,,
00691,Keuchenius,1893-06-23,1893-12-17,"-9470,8049",1851-10-30,https://gw.geneanet.org/hoffman?lang=nl&n=keuchenius&oc=0&p=levinus+wilhelmus+christiaan,Schiedam,1826-09-24,https://gw.geneanet.org/hoffman?lang=nl&n=keuchenius&oc=0&p=levinus+wilhelmus+christiaan,Batavia,,,,,
00696,Kielstra,1893-06-23,1920-06-04,"451184,1002",1849-01-05,https://www.openarch.nl/frl:2f9a3b48-1ed5-db80-0198-5067b5683d20,,1855-06-19,https://www.openarch.nl/search.php?name=Yfke+Egberts+Kijlstra,Ternaard,,,,https://www.geni.com/people/Geertruida-Elisabeth-Cornelia-Lingeman/6000000024713517901,Vrouw gestorven in 1915
00702,Kleerekoper,1914-12-11,1943-04-14,NA,,,,,,,,,,,
00704,de Klerk,1911-03-10,1920-07-23,NA,,,,,,,,,,,
00709,Knobel,1914-06-03,1933-10-16,NA,,,,,,,,,,,
00727,Kolkman,1893-06-23,1924-02-19,"-23658,3484",1882-07-28,https://www.genealogieonline.nl/genealogische-gegevens-tilburg-goirle/I564372.php,Dordrecht,1894-05-06,https://www.genealogieonline.nl/genealogische-gegevens-tilburg-goirle/I564373.php,Dordrecht,934149.9,,,,
00733,Kooien,1911-03-10,1945-03-24,NA,,,,,,,,,,,
00742,Koster,1916-07-18,1947-07-14,NA,,,,,,,,,,,
00763,van der Kun,1893-06-23,1914-09-27,"153509,4064",1878-08-29,https://www.genealogieonline.nl/en/genealogie-schutijser/I2422.php,Rijswijk,1891-12-20,https://www.genealogieonline.nl/en/genealogie-schutijser/I2421.php,Rotterdam,1204126.08,,,,
00766,Kuyper,1911-03-10,1920-11-08,"112403,9687",1882-12-07,https://www.genealogieonline.nl/en/dinteloord-en-omliggende-gemeenten/I93176.php,Leiden,1881-01-03,https://www.genealogieonline.nl/en/dinteloord-en-omliggende-gemeenten/I93178.php,Leiden,5248.81,4010.87,,,
00772,J. ter Laan,1914-06-03,1956-08-09,NA,,,,,,,,,,,
00773,K. ter Laan,1914-06-03,1963-03-06,NA,,,,,,,,,,,
00778,Lambrechts,1878-05-24,1896-11-25,"57423,6632",1858-04-03,https://www.geni.com/people/Johannes-Jacobus-Lambrechts/6000000029401221056,Obbicht,1900-11-06,https://www.geni.com/people/Maria-Gertrudis-Nelissen/6000000029401221062,Obbicht,,,,,
00781,Land,1893-06-23,1894-10-07,"-17772,7492",1895-11-21,https://www.geni.com/people/Gosling-Land/6000000022768834962,Heerde,1907-06-04,https://www.geni.com/people/Antje-van-der-Meulen/6000000022768479511,Franeker,277.86,,,,
00796,van Leeuwen,1914-12-11,1922-10-13,"10170,7210",1913-03-09,https://www.geni.com/people/Everardus-Hendrikus-van-Leeuwen/6000000032623532119,Bloemendaal,1912-02-05,https://www.geni.com/people/Adriana-Maria-Theodora-Repelius/6000000032623532125,Velp,290745.11,,,,
00806,van Lennep,1911-03-10,1928-05-10,NA,,,,,,,,,,,
00808,Lenting,1878-05-24,1881-11-20,"18194,6546",,,,,,,,,,,
00809,Levy,1893-06-23,1920-03-17,"27928,9629",,,,,,,,,,,
00815,Lieftinck,1893-06-23,1917-07-07,"102237,6349",1891-09-15,https://www.genealogieonline.nl/stamboom-evertman/I36057.php,Groningen,1901-04-08,https://www.geni.com/people/Hemmina-Uilkens/6000000021196832046,Sneek,,,,,
00822,Limburg,1911-03-10,1940-05-15,NA,,,,,,,,,,,
00833,van L√∂ben Sels,1893-06-23,1923-03-18,NA,,,,,,,,,,,
00835,Loeff,1911-03-10,1921-07-10,"53429,0196",1880-01-13,https://www.geni.com/people/Hendrikus-Loeff/6000000030140806939,Baardwijk,1901-09-04,https://www.geni.com/people/Petronella-Johanna-Antonia-van-Heesbeen/6000000030140629489,Baardwijk,42288.73,,,,
00849,Lucasse,1893-06-23,1926-03-10,"152126,1469",1897-10-24,https://www.geni.com/people/Lucas-Lucasse/6000000029804908919,'s-Heer Arendskerke,1874-04-03,https://www.geni.com/people/Maatje-Steketee/6000000029804975845,'s-Heer Arendskerke,,,,,
00851,Luyben,1878-05-24,1902-06-09,"112294,8860",1859-09-15,https://www.genealogieonline.nl/stamboom-familie-poort/I31173.php,Den Bosch,1849-07-21,https://www.genealogieonline.nl/stamboom-familie-poort/I43107.php,Den Bosch,,,9635.78,zus in 1885 overleden,https://www.genealogieonline.nl/stamboom-familie-poort/I30824.php
00858,van Lynden van Sandenburg,1911-03-10,1932-12-25,"1892869,1358",1885-11-08,https://www.genealogieonline.nl/stamboom-baris/I87683.php,Neerlangbroek,1905-05-12,https://www.genealogieonline.nl/stamboom-baris/I93420.php,Den Haag,,,,,
00862,Maekay,1878-05-24,1909-11-13,"246824,8431",1846-07-27,https://www.geni.com/people/Johan-Fran%C3%A7ois-Hendrik-Jacob-Ernestus-Mackay/6000000001462859290,Nijmegen,1869-08-29,https://www.geni.com/people/Margaretha-Clara-Fran%C3%A7oise-van-Lynden/6000000017972316556,Nijmegen,,,95125.32,zus overleden 1896,https://www.genealogieonline.nl/stamboom-noya/R879.php
00864,T. Mackay,1893-06-23,1922-11-29,"172732,9902",1846-07-27,https://www.geni.com/people/Johan-Fran%C3%A7ois-Hendrik-Jacob-Ernestus-Mackay/6000000001462859290,Nijmegen,1869-08-29,https://www.geni.com/people/Margaretha-Clara-Fran%C3%A7oise-van-Lynden/6000000017972316556,Nijmegen,,,95125.32,zus overleden 1896,https://www.genealogieonline.nl/stamboom-noya/R879.php
00875,Marchant,1914-06-03,1956-05-12,NA,,,,,,,,,,,
00889,Mees,1878-05-24,1915-06-04,"302533,5184",1866-09-30,https://www.genealogieonline.nl/genealogie-mees/I1001449194.php,Doorn,1870-08-21,https://www.genealogieonline.nl/genealogie-mees/I1001449206.php,Rheden,,,145719.99,broer overleden in 1882,https://www.genealogieonline.nl/genealogie-mees/I1001449214.php
00892,de Meester,1914-06-03,1919-12-27,"36110,9615",1864-03-02,https://www.genealogieonline.nl/fr/genealogy-family-fokker/I5388.php,Harderwijk,1884-01-27,https://www.genealogieonline.nl/fr/genealogy-family-fokker/I5472.php,Voorst,,28021.75,,,
00902,Mendels,1914-12-11,1944-06-03,NA,,,,,,,,,,,
00917,de Meijier,1878-05-24,1909-03-23,"191278,5511",1882-02-13,https://www.geni.com/people/Adriaan-De-Meijier/6000000037125903285,Arnhem,1872-12-28,https://www.openarch.nl/gld:86DB1D28-9DDA-4A14-BD89-2A48C945534A,Arnhem,12798.06,,,,
00925,Middelberg,1911-03-10,1916-03-06,"165127,2926",1850-01-08,https://www.genealogieonline.nl/genealogie-schutijser/I43982.php,Boskoop,1900-10-12,https://www.genealogieonline.nl/genealogie-schutijser/I43983.php,Baarn,,,,,
00930,Mirandolle,1878-05-24,1884-06-21,"571428,9418",1841-03-15,https://www.genealogieonline.nl/stamboom-driessen/I7358920.php,Haarlem,1889-06-07,https://www.genealogieonline.nl/stamboom-driessen/I7358922.php,Haarlem,,2362.21,,Moeder overleden na hemzelf,
00931,Moens,1878-05-24,1899-06-24,"1981,0675",1869-12-04,https://www.geni.com/people/Antonij-Moens/6000000030940886985,Rotterdam,1879-07-02,https://www.geni.com/people/Johanna-Lambert/6000000030940886991,Beverwijk (Memorie Utrecht?),,,,,
00683,Kerens de Wylre,1878-05-24,1880-01-05,,,,,,,,,,,,
00940,de Monte verLoren,1911-03-10,1925-04-30,"42086,1433",1890-02-19,https://nl.wikipedia.org/wiki/Frederik_Herman_de_Mont%C3%A9_verLoren,Geneve,1899-04-18,https://www.genealogieonline.nl/stamboom-baris/I102958.php,Zeist,,,,,
00949,de Muralt,1914-06-03,1936-11-07,"34969,3941",1889-08-28,https://www.genealogieonline.nl/stamboom-driessen/I73294384.php,Utrecht,1922-02-21,https://www.genealogieonline.nl/stamboom-driessen/I73294386.php,Utrecht,,,,,
00951,Mutsaers,1893-06-23,1907-02-12,"36292,9523",1872-08-20,https://www.genealogieonline.nl/genealogische-gegevens-tilburg-goirle/I169153.php,Tilburg,1834-05-05,https://www.genealogieonline.nl/genealogische-gegevens-tilburg-go,Eindhoven,,,125139.03,broer overleden in 1895,https://www.genealogieonline.nl/genealogische-gegevens-tilburg-goirle/I169149.php
00967,Nierstrasz,1914-06-03,1939-07-07,"129709,6883",1892-03-29,https://www.genealogieonline.nl/stamboom-willemse/I4395.php,Algiers,1920-02-21,https://www.genealogieonline.nl/stamboom-willemse/I1757.php,Den Haag,,945471.56,,,
00973,van Nispen tot Sevenaer,1878-05-24,1884-04-03,"512511,2609",1875-05-05,https://www.genealogieonline.nl/stamboom-driessen/I736148.php,Zevenaar,1879-01-28,https://www.genealogieonline.nl/stamboom-driessen/I736115.php,Zevenaar,,1716278.92,,,
00975,J.W.J.C.M. van Nispen tot Sevenaer,1911-03-10,1917-01-10,"910006,5850",1884-04-03,https://www.genealogieonline.nl/genealogie-richard-remme/I371168.php,Arnhem,1912-12-29,https://www.genealogieonline.nl/genealogie-richard-remme/I371169.php,Arnhem?,516252.76,,,,
00977,O.F.A.M. van Nispen tot Sevenaer,1911-03-10,1956-10-30,NA,,,,,,,,,,,
00981,Nolens,1911-03-10,1931-08-27,"5010,2110",1914-11-05,https://www.genealogieonline.nl/stamboom-nicolai-kolb/I11309810.php,Venlo,1896-05-25,https://www.genealogieonline.nl/stamboom-nicolai-kolb/I70449568.php,Venlo,,,,,
00998,Oldenhuis gratama,1878-05-24,1887-07-05,"136267,3763",1858-01-09,https://nl.wikipedia.org/wiki/Sibrand_Gratama,Assen,1858-03-11,https://www.genealogieonline.nl/stamboom-ocken/I16299.php,Assen,,,,,
01003,ter Laan,1911-03-10,1917-07-27,"3987,6857",,,,,,,,,,,
01009,Otto,1914-06-03,1954-05-07,NA,,,,,,,,,,,
01022,Patijn,1878-05-24,1911-03-27,"706283,8063",1862-10-09,https://geneagraphie.com/getperson.php?personID=I410281&tree=1,Voorburg,1840-11-24,https://geneagraphie.com/getperson.php?personID=I410287&tree=1,Amsterdam,,,,,
01023,Patijn,1911-03-10,1956-05-23,NA,,,,,,,,,,,
01036,Plate,1893-06-23,1927-12-23,"2746,0627",1883-01-02,https://www.genealogieonline.nl/de-familie-hengeveld/I3356.php,Rotterdam,1873,https://www.genealogieonline.nl/de-familie-hengeveld/I3561.php,,87871.98,,,,
01042,Poelman,1893-06-23,1893-10-14,NA,,,,,,,,,,,
01067,Pijnacker Hordijk,1893-06-23,1918-08-09,"1059407,6113",1879-11-02,https://www.genealogieonline.nl/genealogie-schenkenberg-van-mierop/I1061639100.php,Naaldwijk,1867-09-09,https://www.genealogieonline.nl/genealogie-schenkenberg-van-mierop/I1061639103.php,Tiel,485818.1,,,,
01069,Pyttersen,1893-06-23,1919-09-10,"6319,2334",1885-06-14,https://www.geni.com/people/Tjeerd-Pyttersen/6000000037602469405,Franeker,1886-06-18,https://www.genealogieonline.nl/stamboom-griffioen-koster/I346551.php,Sneek,,,,,
01075,van Raalte,1914-06-03,1921-03-23,"63356,2822",1885-05-29,https://www.geni.com/people/David-van-Raalte/6000000005791812077,Den Haag,1896-05-20,https://www.geni.com/people/Louise-Elias/6000000005791812084,Den Haag,,,,,
01079,de Ram,1911-03-10,1917-07-04,"-42815,0245",1888-11-23,https://www.genealogieonline.nl/genealogisch-onderzoek-west-brabant/I89632.php,Bergen op Zoom,1886-01-26,https://www.genealogieonline.nl/genealogisch-onderzoek-west-brabant/I24594.php,Bergen op Zoom,,,,,
01085,de Ras,1893-06-23,1920-05-04,"9787,7410",1897-06-04,https://www.geni.com/people/Martinus-de-Ras/6000000036818867885,Arnhem,1851-01-07,https://www.genealogieonline.nl/stamboom-willemse/I3485.php,Nijmegen,,,,,
01091,Reekers,1878-05-24,1922-05-27,"156044,6016",,,,,,,,,,,
01113,Rink,1893-06-23,1941-08-06,hebikwel,1895-01-18,https://www.genealogieonline.nl/van-willigen-stamboom/I8081.php,Tiel,1853-02-06,https://www.genealogieonline.nl/van-willigen-stamboom/I8080.php,Tiel,,,,,
01118,Roell,1878-05-24,1914-07-13,"559625,9961",1883-09-09,https://www.genealogieonline.nl/en/stamboom-driessen/I7344712.php,Amsterdam,1862-01-15,https://www.genealogieonline.nl/en/stamboom-driessen/I7344715.php,Haarlem,338197.58,,,,
01120,Roessingh,1893-06-23,1916-12-19,"19141,0494",1882-03-22,https://www.geni.com/people/Hendrik-Roessingh/6000000017904530599,Haren,1862-02-20,https://www.geni.com/people/Louise-Collard/6000000017478920122,Assen,,,,,
01121,Rombach,1878-05-24,1891-04-24,"341199,1228",1905-02-06,https://www.geni.com/people/Jan-Rombach/6000000000091120040,,1855-08-13,https://www.geni.com/people/Johanna-Siebregt/6000000000091120047,Montfoort,,,,vrouw overleden in 1888,https://www.geni.com/people/Maria-Anna-de-Rouxville/6000000000087130977
01124,Roodenburg,1914-06-03,1929-04-13,"146871,8499",1900-11-03,https://www.geni.com/people/Jan-Willem-Marius-Roodenburg/6000000018388790278,Dordrecht,1915-01-24,https://www.geni.com/people/Charlotte-Louise-Tak/6000000018388858164,Hilversum,,,,,
01125,Roodkuyzen,1911-03-10,1933-11-20,"726,1250",1912-06-07,https://www.ancestry.com/genealogy/records/hendrik-gerhardus-roodhuyzen-24-9k85vv,'s-Graveland,,,,,,,,
01135,Roijaards van den Ham,1893-06-23,1897-03-02,"2918301,2418",1854-01-02,https://www.genealogieonline.nl/karens-family-tree/I195356.php,Utrecht,1832-10-06,https://www.genealogieonline.nl/karens-family-tree/I195357.php,Utrecht,,,,,
01142,de Ruiter Zylker,1878-05-24,1892-10-24,"-5424,4961",1868-03-02,https://nl.wikipedia.org/wiki/Jan_Freerks_Zijlker,Winschoten,1882-09-12,https://www.genealogieonline.nl/stamboom_van_rems_dijkstra/I14198.php,Winschoten,,,,,
01147,Rutgers,1914-06-03,1945-02-05,NA,,,,,,,,,,,
01148,Rutgers van Rozenburg,1893-06-23,1902-10-31,"1014556,7301",1857-11-02,https://www.geni.com/people/David-Rutgers-van-Rozenburg/6000000021000646118,Bloemendaal,1869-11-16,https://www.geni.com/people/Anna-Elisabeth-Wilhelmina-Koenen/6000000021000646124,Bloemendaal?,,,,,
01152,Ruys de Beerenbrouck,1914-06-03,1936-04-17,NA,,,,,,,,,,,
01166,Saaymans Vader,1878-05-24,1891-03-18,NA,,,,,,,,,,,
01168,Sandberg,1878-05-24,1906-02-15,"705802,3328",1843-03-06,https://www.genealogieonline.nl/en/stamboom-driessen/I73187891.php,Zwolle,1814-11-15,https://www.genealogieonline.nl/en/stamboom-driessen/I73187893.php,Zwolle,,,,2 broers overleden in 1877 en 1879:,https://www.genealogieonline.nl/en/stamboom-driessen/I73262105.php en https://www.genealogieonline.nl/en/stamboom-driessen/I73275165.php
01170,Sannes,1914-06-03,1930-01-02,"8449,3738",,,,,,,,,,,
01172,van Sasse van Ysselt,1911-03-10,1939-08-06,NA,,,,,,,,,,,
01177,de Savornin Lohman,1911-03-10,1924-06-11,"96084,4329",1848-11-02,https://www.genealogieonline.nl/stamboom-smits-van-oyen/I7762.php,Groningen,1859-10-01,https://www.genealogieonline.nl/stamboom-smits-van-oyen/I7763.php,Groningen,,,,"vrouw overleden 1906, dh",https://www.genealogieonline.nl/stamboom-smits-van-oyen/I7761.php
01180,Schaepman,1893-06-23,1903-01-21,NA,,,,,,,,,,,
01183,Schagen van Leeuwen,1878-05-24,1906-09-15,NA,,,,,,,,,,,
01189,Schaper,1911-03-10,1934-08-31,"3051,3817",1923-05-13,https://www.openarch.nl/search.php?top&name=Niklaas+Schaper&number_show=10&sort=3&start=30,Groningen,1916-04-02,https://www.openarch.nl/gra:2028c717-6054-be75-6ec0-b839cfb8aa9e,Groningen,,,,,
01191,Schepel,1878-05-24,1909-03-02,"20508,0717",1877-01-02,https://nl.wikipedia.org/wiki/Schepel_(geslacht),Noordbroek,1879-11-22,https://www.genealogieonline.nl/stamboom_klavers/I266445.php,Noordbroek,,,,,
01194,Scheurer,1914-06-03,1928-06-20,NA,,,,,,,,,,,
01198,Schim van der Loeff,1914-06-03,1923-02-10,NA,,,,,,,,,,,
01201,Schimmelpenninck,1914-06-03,1929-12-13,NA,,,,,,,,,,,
01203,A. Schimmelpenninck van der Oye,1878-05-24,1918-06-19,"1331755,2223",1872-12-12,https://www.genealogieonline.nl/west-europese-adel/I150742.php,Wilp,1842-11-09,https://www.genealogieonline.nl/west-europese-adel/I150743.php,Zutphen,,,859340.53,broer ging dood in 1889,https://www.genealogieonline.nl/west-europese-adel/I166044.php
01204,J.E.N. Schimmelpenninck van der Oye,1893-06-23,1914-04-11,NA,,,,,,,,,,,
01229,van der Schrieck,1878-05-24,1896-03-05,"35968,1288",1852-08-25,http://www.genealogy.henny-savenije.pe.kr/tng/getperson.php?personID=I464125&tree=savenije,Boxtel,,,,,,,vrouw overleden in 1879,https://www.genealogieonline.nl/genealogische-gegevens-tilburg-goirle/I254888.php
01238,Seret,1893-06-23,1912-12-23,"4469,1506",1878-01-18,https://www.openarch.nl/rzh:6a3da4f6-4123-40a9-8fbd-4930256f9cc8,Leerdam,1877-08-27,https://www.openarch.nl/rzh:ffe47998-07f0-48fe-900e-d620b977a529,Leerdam,,,,,
01246,Sickesz,1878-05-24,1904-02-19,"273139,8114",1880-01-23,https://www.geni.com/people/Johan-Balthasar-Christiaan-Sickesz/6000000037469406067,Apeldoorn,1839-08-31,https://www.openarch.nl/hua:095283D3-752B-4B60-A7D5-E05716DDB044,Amersfoort,,,,,
01269,Smeenge,1893-06-23,1935-05-09,NA,,,,,,,,,,,
01271,Smidt,1911-03-10,1925-11-14,"134249,3782",,,,,,,,,,,
01273,Smit,1893-06-23,1935-05-10,"118415,3740",1875-02-06,https://gw.geneanet.org/visser?lang=en&n=smit&p=arie&on_register_success=1,Kralingen (Rotterdam),1889-03-01,https://gw.geneanet.org/visser?lang=en&n=smit&p=arie&on_register_success=1,Kralingen (Rotterdam),,2440955.74,,"Johanna Pot, Jan Smit",
01280,Smits van Oijen,1893-06-23,1898-10-12,"491000,2060",,,,,,,,,,,
01283,Snoeck Henkemans,1911-03-10,1945-05-24,"26498,3593",1914-01-19,https://www.delpher.nl/nl/kranten/view?query=Gerhard+Snoeck+Henkemans&coll=ddd&identifier=MMKB15:000720044:mpeg21:a00026&resultsidentifier=MMKB15:000720044:mpeg21:a00026,Den Haag,1888-03-31,https://www.delpher.nl/nl/kranten/view?query=Johanna+Clasina+Snoeck+Henkemans&coll=ddd&identifier=MMKB23:001390078:mpeg21:a00043&resultsidentifier=MMKB23:001390078:mpeg21:a00043,Den Haag,,,,,
01288,Spiekman,1914-06-03,1917-11-18,"13107,4653",,,,,,,,,,,
01303,Stieltjes,1878-05-24,1878-06-23,"0,0000",,,,,,,,,,,
01311,van Stolk,1878-05-24,1880-07-30,"174077,2567",,,,,,,,,,,
01320,ter Spul,1914-06-03,1916-03-21,"1386797,6570",,,,,,,,,,,
01343,Tedinjg van Berkhout,1878-05-24,1880-07-25,NA,,,,,,,,,,,
01344,Teenstra,1911-03-10,1958-05-24,NA,,,,,,,,,,,
01347,van den Tempel,1916-07-18,1955-06-27,NA,,,,,,,,,,,
01359,Thomson,1911-03-10,1914-06-15,NA,,,,,,,,,,,
01365,van Tienlioven,1878-05-24,1914-10-10,"365691,4057",,,,,,,,,,,
01374,Travaglino,1893-06-23,1905-05-23,"621115,0185",,,,,,,,,,,
01375,Treub,1911-03-10,1931-07-24,"53244,7764",,,,,,,,,,,
01376,Troelstra,1914-12-11,1930-05-12,"6642,7788",,,,,,,,,,,
01384,Tydeman,1893-06-23,1916-11-04,"949172,8702",,,,,,,,,,,
01385,Tijdens,1893-06-23,1904-05-28,NA,,,,,,,,,,,
01389,Valette,1893-06-23,1935-11-17,"12651,3721",,,,,,,,,,,
01391,Veegens,1893-06-23,1910-12-27,"47809,3650",,,,,,,,,,,
01392,van Veen,1914-12-11,1929-05-01,"92058,5637",,,,,,,,,,,
01400,van de Velde,1893-06-23,1919-05-28,"301151,7266",1915-11-03,https://www.openarch.nl/search.php?top&name=Ernest+van+de+Velde&number_show=10&sort=4&start=40,Den Haag,,,,,,,,
01404,van Velzen,1893-06-23,1913-02-13,"181410,5326",,,,,,,,,,,
01405,Vening Meinesz,1878-05-24,1909-12-26,"48096,1323",,,,,,,,,,,
01411,Verheij,1911-03-10,1913-05-04,"12621,6737",,,,,,,,,,,
01414,Verheijen,1878-05-24,1898-01-11,"86847,5857",,,,,,,,,,,
01422,Vermeulen,1893-06-23,1913-10-09,"58959,4628",,,,,,,,,,,
01424,Verniers van der Loeff,1878-05-24,1891-01-22,"252181,1698",,,,,,,,,,,
01437,Viruly Verbrugge,1878-05-24,1908-12-10,"579068,3576",1852-12-28,https://www.geni.com/people/Michiel-Viruly-heer-van-Vuren-en-Dalem/6000000013870206424,Rotterdam,1880-08-30,https://www.geni.com/people/Johanna-Catharina-Mathijsen/6000000017128326884,Stompwijk-Leidschendam,,,,,
01445,Visser van IJzendcorn,1914-06-03,1924-09-23,"317411,1734",,,,,,,,,,,
01446,de Visser,1911-03-10,1932-04-14,"31294,4832",,,,,,,,,,,
01451,Vliegen,1911-03-10,1947-06-29,NA,,,,,,,,,,,
01454,van Vliet,1911-03-10,1941-12-19,NA,,,,,,,,,,,
01456,de Vlugt,1911-03-10,1945-02-10,NA,,,,,,,,,,,
01458,van Vlijmen,1893-06-23,1919-12-17,"753,9477",,,,,,,,,,,
01460,van Vollenhoven,1914-06-03,1923-11-26,"110230,9754",,,,,,,,,,,
01470,van der Voort van Zijp,1911-03-10,1935-09-28,NA,,,,,,,,,,,
01479,de Vos van Steenwijk,1878-05-24,1897-10-10,"261447,2069",,,,,,,,,,,
01494,van Vuuren,1911-03-10,1932-04-02,"33061,8547",,,,,,,,,,,
01507,Walter,1893-06-23,1900-01-23,"14338,5300",,,,,,,,,,,
01509,van Wassenaer van Catwijck,1878-05-24,1887-11-19,"490328,3326",,,,,,,,,,,
01510,van Wassenaer van Catwijck,1911-03-10,1939-11-06,"702439,6723",1892-04-06,https://www.genealogieonline.nl/stamboom-driessen/I73243784.php,Ermelo,1892-10-11,https://www.genealogieonline.nl/stamboom-driessen/I73243785.php,Ermelo,,,,,
01522,van de Werk,1878-05-24,1926-01-23,"66403,8152",,,,,,,,,,,
01538,van Wichen,1914-06-03,1920-03-06,NA,,,,,,,,,,,
01557,Wintgens,1878-05-24,1895-01-12,"772969,8975",,,,,,,,,,,
01572,Wybenga,1878-05-24,1886-09-09,NA,,,,,,,,,,,
01580,de Wijkorslooth de Weerdesteyn,1911-03-10,1936-05-16,"427615,6366",1909-07-15,https://www.genealogieonline.nl/karens-family-tree/I168789.php,Brussel,1920-08-07,https://www.genealogieonline.nl/karens-family-tree/I168790.php,Nice,,,,,
01583,van Wijnbergen,1911-03-10,1950-03-01,NA,,,,,,,,,,,
01601,van Zinnicq Bergmann,1878-05-24,1879-02-25,"156458,2225",,,,,,,,,,,
01613,Zijp,1893-06-23,1897-09-17,"63219,2497",,,,,,,,,,,